<?xml version="1.0" encoding="utf-8"?>
<!--/770927/1359841/2.50/3/4/Zener Diode/-->
<quadcept_library>
  <setting unit="mil" />
  <textstyle name="Default" height="47.244094488189" strokewidth="7.8740157480315" charwidth="47.244094488189" />
  <textstyle name="Dimension" height="19.6850393700787" strokewidth="0" charwidth="19.6850393700787" />
  <textstyle name="H127W0635TH00762" height="50" strokewidth="3" charwidth="25" />
  <textstyle name="H15W15TH02" height="59.0551181102362" strokewidth="7.8740157480315" charwidth="59.0551181102362" />
  <padstyle name="r85_75" surface="True" plated="False" isvia="False" nopaste="False" nomask="True" complex="False" holesize="0">
    <padshape layer="TOP" shape="rectangle" width="29.527559055118" height="33.464566929133" />
    <padshape layer="TOP_SOLDER_MASK" shape="rectangle" width="37.401574803149" height="41.338582677165" />
    <padshape layer="TOP_SOLDER_PASTE" shape="rectangle" width="29.527559055118" height="33.464566929133" />
  </padstyle>
  <padstyle name="r70_55" surface="True" plated="False" isvia="False" nopaste="False" nomask="True" complex="False" holesize="0">
    <padshape layer="TOP" shape="rectangle" width="21.653543307086" height="27.55905511811" />
    <padshape layer="TOP_SOLDER_MASK" shape="rectangle" width="29.527559055118" height="35.433070866141" />
    <padshape layer="TOP_SOLDER_PASTE" shape="rectangle" width="21.653543307086" height="27.55905511811" />
  </padstyle>
  <padstyle name="r204_180" surface="True" plated="False" isvia="False" nopaste="False" nomask="True" complex="False" holesize="0">
    <padshape layer="TOP" shape="rectangle" width="70.866141732283" height="80.31496062992" />
    <padshape layer="TOP_SOLDER_MASK" shape="rectangle" width="78.740157480314" height="88.188976377952" />
    <padshape layer="TOP_SOLDER_PASTE" shape="rectangle" width="70.866141732283" height="80.31496062992" />
  </padstyle>
  <footprint name="SMM4F15ATR" originx="0" originy="0" pickpointx="0" pickpointy="0">
    <pcbpin number="1" name="1" style="r85_75" originx="50.1968503937" originy="0" rotation="0" />
    <pcbpin number="2" name="2" style="r70_55" originx="-80.708661417322" originy="0" rotation="90" />
    <pcbpin number="3" name="3" style="r204_180" originx="0" originy="0" rotation="0" />
    <line layer="TOP_ASSEMBLY" originx="-74.409448818897" originy="37.401574803149" endx="41.732283464566" endy="37.401574803149" width="7.8740157480314" />
    <line layer="TOP_ASSEMBLY" originx="41.732283464566" originy="37.401574803149" endx="41.732283464566" endy="-37.401574803149" width="7.8740157480314" />
    <line layer="TOP_ASSEMBLY" originx="41.732283464566" originy="-37.401574803149" endx="-74.409448818897" endy="-37.401574803149" width="7.8740157480314" />
    <line layer="TOP_ASSEMBLY" originx="-74.409448818897" originy="-37.401574803149" endx="-74.409448818897" endy="37.401574803149" width="7.8740157480314" />
    <line layer="TOP_PLACE_BOUND" originx="-114.17322834646" originy="59.842519685039" endx="84.645669291338" endy="59.842519685039" width="3.9370078740157" />
    <line layer="TOP_PLACE_BOUND" originx="84.645669291338" originy="59.842519685039" endx="84.645669291338" endy="-59.842519685039" width="3.9370078740157" />
    <line layer="TOP_PLACE_BOUND" originx="84.645669291338" originy="-59.842519685039" endx="-114.17322834646" endy="-59.842519685039" width="3.9370078740157" />
    <line layer="TOP_PLACE_BOUND" originx="-114.17322834646" originy="-59.842519685039" endx="-114.17322834646" endy="59.842519685039" width="3.9370078740157" />
    <line layer="TOP_SILKSCREEN" originx="-43.307086614173" originy="37.401574803149" endx="-74.409448818897" endy="37.401574803149" width="7.8740157480314" />
    <line layer="TOP_SILKSCREEN" originx="-74.409448818897" originy="37.401574803149" endx="-74.409448818897" endy="19.685039370078" width="7.8740157480314" />
    <line layer="TOP_SILKSCREEN" originx="-74.409448818897" originy="-19.685039370078" endx="-74.409448818897" endy="-37.401574803149" width="7.8740157480314" />
    <line layer="TOP_SILKSCREEN" originx="-74.409448818897" originy="-37.401574803149" endx="-43.307086614173" endy="-37.401574803149" width="7.8740157480314" />
    <line layer="TOP_SILKSCREEN" originx="74.803149606298" originy="1.9685039370079" endx="74.803149606298" endy="1.9685039370079" width="3.9370078740157" />
    <arc layer="TOP_SILKSCREEN" originx="74.803149606298" originy="0" startangle="90.0" sweepangle="180.0" radius="1.9685039370079" width="3.9370078740157" />
    <line layer="TOP_SILKSCREEN" originx="74.803149606298" originy="-1.9685039370079" endx="74.803149606298" endy="-1.9685039370079" width="3.9370078740157" />
    <arc layer="TOP_SILKSCREEN" originx="74.803149606298" originy="0" startangle="-90.0" sweepangle="180.0" radius="1.9685039370079" width="3.9370078740157" />
  </footprint>
  <symbol name="SMM4F5.0A-TR" originx="0" originy="0">
    <line originx="200" originy="100" endx="700" endy="100" width="0" />
    <line originx="700" originy="-300" endx="700" endy="100" width="0" />
    <line originx="700" originy="-300" endx="200" endy="-300" width="0" />
    <line originx="200" originy="100" endx="200" endy="-300" width="0" />
    <sympin number="1" originx="200" originy="-200" rotation="180" length="100" width="7.8740157480315" flipped="False">
      <text name="pinname" originx="230" originy="-200" style="Default" rotation="0" justify="left" flipped="False" hidden="False" data="K_1" />
      <text name="pindes" originx="140" originy="-180" style="Default" rotation="0" justify="lowerright" flipped="False" hidden="False" data="1" />
    </sympin>
    <sympin number="2" originx="200" originy="0" rotation="180" length="100" width="7.8740157480315" flipped="False">
      <text name="pinname" originx="230" originy="0" style="Default" rotation="0" justify="left" flipped="False" hidden="False" data="A" />
      <text name="pindes" originx="140" originy="20" style="Default" rotation="0" justify="lowerright" flipped="False" hidden="False" data="2" />
    </sympin>
    <sympin number="3" originx="200" originy="-100" rotation="180" length="100" width="7.8740157480315" flipped="False">
      <text name="pinname" originx="230" originy="-100" style="Default" rotation="0" justify="left" flipped="False" hidden="False" data="K_2" />
      <text name="pindes" originx="140" originy="-80" style="Default" rotation="0" justify="lowerright" flipped="False" hidden="False" data="3" />
    </sympin>
  </symbol>
  <component name="SMM4F5.0A-TR" designatorprefix="Z" height="0" footprint="SMM4F15ATR">
    <comppin designator="1" sympin="1" pinswap="0" gateswap="0" gate="1" group="1" side="" type="Any" name="K_1" />
    <comppin designator="2" sympin="2" pinswap="0" gateswap="0" gate="1" group="1" side="" type="Any" name="A" />
    <comppin designator="3" sympin="3" pinswap="0" gateswap="0" gate="1" group="1" side="" type="Any" name="K_2" />
    <attached_symbol gate="1" name="SMM4F5.0A-TR" />
    <pinmap designator="1" footprintpin="1" />
    <pinmap designator="2" footprintpin="2" />
    <pinmap designator="3" footprintpin="3" />
    <text name="Datasheet" originx="0" originy="0" style="Default" rotation="0" justify="" flipped="False" hidden="True" data="https://www.st.com/resource/en/datasheet/smm4f10a.pdf" />
    <text name="Description" originx="0" originy="0" style="Default" rotation="0" justify="" flipped="False" hidden="True" data="ESD Suppressors / TVS Diodes 400W HI JCT TMP" />
    <text name="Manufacturer_Name" originx="0" originy="0" style="Default" rotation="0" justify="" flipped="False" hidden="True" data="STMicroelectronics" />
    <text name="Manufacturer_Part_Number" originx="750" originy="200" style="Default" rotation="0" justify="left" flipped="False" hidden="False" data="SMM4F5.0A-TR" />
    <text name="Mouser Part Number" originx="0" originy="0" style="Default" rotation="0" justify="" flipped="False" hidden="True" data="511-SMM4F5.0A-TR" />
    <text name="Mouser Price/Stock" originx="0" originy="0" style="Default" rotation="0" justify="" flipped="False" hidden="True" data="https://www.mouser.co.uk/ProductDetail/STMicroelectronics/SMM4F5.0A-TR?qs=5HwTSiuA5HB7K7mI4EswPg%3D%3D" />
    <text name="Arrow Part Number" originx="0" originy="0" style="Default" rotation="0" justify="" flipped="False" hidden="True" data="SMM4F5.0A-TR" />
    <text name="Arrow Price/Stock" originx="0" originy="0" style="Default" rotation="0" justify="" flipped="False" hidden="True" data="https://www.arrow.com/en/products/smm4f5.0a-tr/stmicroelectronics?region=nac" />
  </component>
</quadcept_library>
